amount,fraud
11.65,0
1.6,0
33.36,0
8.01,0
38.11,0
66.43,0
10.24,0
24.52,0
27.8,1
66.94,0
20.41,0
19.89,0
48.36,0
104.04,0
17.71,0
7.89,0
21.21,0
48.66,0
54.77,0
19.69,0
12.94,0
40.42,0
17.67,0
25.19,0
47.67,0
3.62,0
14.05,0
50.96,0
37.92,0
25.12,0
27.3,0
43.51,0
1.45,0
27.28,0
48.71,0
56.29,0
23.63,0
15.91,0
55.63,0
73.76,0
0.9,0
0.67,0
18.35,0
72.76,0
33.9,0
4.33,0
2.5,0
13.56,0
37.16,0
42.4,0
33.94,0
70.99,0
39.19,0
34.79,1
35.38,0
53.17,0
49.98,0
30.42,0
10.31,0
48.25,0
17.84,0
21.42,0
44.42,0
21.29,0
20.62,0
7.66,0
31.15,0
16.76,0
10.63,0
37.48,0
18.49,0
7,0
23.41,0
2.18,0
38.15,0
8.55,0
8.57,0
85.22,0
10.96,0
74.04,0
23.58,0
30.81,0
34.39,0
8.81,0
22.87,0
22.3,0
5.19,0
15.81,0
26.24,0
59.56,0
18.63,0
36.28,0
51.27,0
29.36,0
38.91,0
35.05,0
39.96,0
45.84,0
19.23,0
18.49,0
13.95,0
16.66,0
36.27,0
28.6,0
24.62,0
27.13,0
26.97,0
29.4,0
6.71,0
51.24,0
58.56,0
17.44,0
7.1,0
168.34,0
26.34,0
28.48,0
40.63,0
11.8,0
33.32,0
52.49,0
48.21,0
16.7,0
3.3,0
25.4,0
46.71,0
48.16,0
7.12,0
19.01,0
34.24,0
55.89,0
44.37,0
24.04,0
17.96,0
2.41,0
24.79,0
60.9,0
20.77,0
30.58,0
12.97,0
4.74,0
29.09,0
59.86,0
53.72,0
1.29,0
23.82,0
14.87,0
32.39,0
29.84,0
51.55,0
2.88,0
34.93,0
28.19,0
13.71,0
14.88,0
26.7,0
3.14,0
20.16,0
21.3,0
35.66,0
13.7,0
26.71,0
71.26,0
52.2,0
51.33,0
33.18,0
39.68,0
53.01,0
42.2,0
4.01,0
61.55,0
33.22,0
27.8,0
29.65,0
37.64,0
38.04,0
28.23,0
10.19,0
90.97,0
78.93,0
24.16,0
32.39,0
0.29,0
93.07,0
33.47,0
6.31,0
41.98,0
2.94,0
154.24,0
83.55,0
3.79,0
4.31,0
5.34,0
34.12,0
11.85,0
26.52,0
50.28,0
16.29,0
26.1,0
56.73,0
51.43,0
41.95,0
13.38,0
29.69,0
37.41,0
24.83,0
8.38,0
57.97,0
25.35,0
5.78,0
20.1,0
99.57,0
37.48,0
0.84,0
4.39,0
32.8,0
38.43,0
17.2,0
7134.39,1
975.26,1
80.3,0
51.82,0
14.96,0
59.64,0
18.83,0
28.02,0
31.16,0
44.32,0
20.55,0
28.15,0
80.97,0
93.72,0
4.11,0
5.29,0
36.86,0
20.71,0
53.33,0
82.52,0
5.1,0
15.84,0
22.7,0
14.58,0
10.03,0
31.53,0
9.56,0
35.19,0
42.23,0
3.03,0
17.27,0
18.93,0
18.69,0
25.25,0
3.51,0
59.02,0
72.59,0
18.83,0
37.46,0
21.19,0
39.22,0
13.88,0
36.01,0
40.47,0
1.47,0
52.95,0
16.19,0
35.14,0
64.88,0
336.15,1
6.27,0
1.35,0
61.82,0
48.47,0
6.88,0
20.12,0
20.39,0
2.25,0
60.38,0
42.41,0
2.29,0
67.27,0
50.39,0
74.41,0
170.43,0
74.32,0
73.21,0
61.76,0
16.99,0
45.39,0
21.4,0
19.92,0
18.75,0
8.13,0
60.13,0
46.56,0
3.47,0
29.65,0
87.05,0
39.63,0
53.6,0
15.33,0
35.48,0
36.3,0
43.25,0
20.7,0
6.56,0
8.79,0
12.94,0
22.71,0
56.71,0
30.13,0
8.67,0
34.54,0
71.48,0
29.21,0
37.99,0
30.98,0
43.43,0
8.04,0
48.58,0
16.56,0
16.27,0
34.27,0
1.89,0
12.83,0
26.07,0
11.89,0
38.75,0
15.35,0
4.43,0
8.51,0
4.58,0
35.89,0
12.37,0
45.32,0
39.79,0
39.54,0
13.02,0
11.87,0
62.48,0
60.25,0
0.89,0
55.31,0
31.16,0
9.48,0
46.23,0
17.63,0
14.9,0
138.26,0
22.15,0
56.09,0
50.63,0
18.1,0
31.9,0
10.77,0
11.93,0
83.59,0
9.05,0
25.95,0
39.44,0
90.53,0
13.8,0
13.25,0
20.32,0
28.98,0
9.45,0
0.63,0
41.63,0
10.3,0
11.45,0
12.87,0
23.84,0
20.94,0
4.28,0
183.53,1
34.25,0
31.25,0
71.51,0
17.88,0
13.05,0
0.18,0
23.74,0
41.73,0
28.52,0
54.63,0
33.75,0
0.71,0
46.21,0
13.59,0
38.84,0
8.31,0
13.86,0
132.79,0
27.49,0
17.7,0
29.6,0
3.06,0
16.72,0
20.01,0
38.37,0
19.83,0
148.72,0
46.07,0
32.9,0
60.64,0
18.65,0
12.43,0
0.74,0
35.15,0
62.27,0
28.89,0
10.81,0
10.44,0
35.76,0
10.59,0
25.05,0
3.88,0
27.93,0
84.12,0
37.3,0
54.34,0
51.65,0
10.84,0
17.1,0
19.15,0
11.36,0
30.35,0
34.9,0
39.23,0
10.2,0
116.11,0
19.93,0
63.05,0
47.73,0
14.34,0
123.22,0
8.73,0
23.55,0
35.58,0
28.01,0
0.74,0
6.39,0
29.67,0
5.84,0
43.16,0
143.17,0
12.87,0
23.95,0
12.25,0
11.66,0
15.89,0
11.06,0
0.85,0
30.67,0
12.48,0
19.69,0
25.46,0
0.41,0
67.33,0
26.28,0
14.35,0
28.62,0
29.4,0
42.5,0
42.15,0
32.63,0
39.42,0
54.4,0
47.17,0
25.43,0
14.13,0
27.14,0
38.31,0
17.02,0
5.98,0
66.2,0
21.51,0
58.27,0
6.88,0
49.97,0
43.35,0
11.21,0
38.99,0
55.2,0
7.49,0
48.46,0
1.99,0
3.05,0
13.81,0
134.68,0
65.88,0
39.13,0
23.58,0
18.75,0
25.31,0
30.59,0
11.76,0
32.04,0
11.91,0
14.43,0
1.48,0
3.01,0
24.29,0
135.62,0
11.34,0
18.68,0
35.63,0
91.97,0
339.22,1
45.64,0
37.37,0
18.05,0
5.04,0
611.33,1
54.35,0
6.33,0
65.49,0
8.55,0
31.89,0
1.65,0
1.52,0
23.24,0
11.68,0
63.12,0
29.19,0
9.2,0
73.97,0
28.18,0
23.4,0
11.5,0
3.75,0
33.02,0
48.41,0
32.6,0
23.27,0
52.19,0
33.84,0
13.6,0
258.16,0
59.21,0
6.87,0
15.13,0
32.37,0
46.96,0
22.86,0
17.21,0
41.15,0
15.45,0
13.77,0
7.44,0
47,0
47.68,0
11.55,0
856.02,1
51.9,0
41.45,0
42.58,0
5.69,0
18.72,0
25.24,0
12.84,0
92.01,0
41.43,0
34,0
61.52,0
48.67,0
26.64,0
47.3,0
15.9,0
54.78,0
7.15,0
25.43,0
36.12,0
23.36,0
23.91,0
63.19,0
3.59,0
136.82,0
39.83,0
4.88,0
80.95,0
8.49,0
11.95,0
25.35,0
43.87,0
109.95,0
0.35,0
59.32,0
3.43,0
41.53,0
5.46,0
41.11,0
136.16,0
27.82,0
16.43,0
20.67,0
7.56,0
59.48,0
45.28,0
37.96,0
27.01,0
10.08,0
32.86,0
71.74,0
21.56,0
46.99,0
0.89,0
49.69,0
51.63,0
25.03,0
31.56,0
3.43,0
15.13,0
37.22,0
27.87,0
177.8,0
27.13,0
115.67,0
20.14,0
34.01,0
6.81,0
19.7,0
16.69,0
42.9,0
19.09,0
7.13,0
29.62,0
4.25,0
34.82,0
34.74,0
22.05,0
12.92,0
18.24,0
15.64,0
19.84,0
69.76,0
25.96,0
33.58,0
0.55,0
23.83,0
0.21,0
7.99,0
112.89,0
9.6,0
54.02,0
15.61,0
26.4,0
39.54,0
34.68,0
19.64,0
27.7,0
12.14,0
58.01,0
5.69,0
10.46,0
26.24,0
43.1,0
14.47,0
43.47,0
20.13,0
33.71,0
38.01,0
11.66,0
4.86,0
13.43,0
20.27,0
18.51,0
13.22,0
26.27,0
42.79,0
7.93,0
28.09,0
18.54,0
57.54,0
36.79,0
9.91,0
14.77,0
52.86,0
19.89,0
43.83,0
46.57,0
12.54,0
23.02,0
11.14,0
51.56,0
13.97,0
11.4,0
28.88,0
7.3,0
16.06,0
14.12,0
23.92,0
6.61,0
19.48,0
25.85,0
38.81,0
27.91,0
18.11,0
11.31,0
1.52,0
43.37,0
2.69,0
28.01,0
44.04,0
53.9,0
81.49,0
70.33,0
32.49,0
40.18,0
528.53,1
27.51,0
13.28,0
44,0
44.74,0
52.03,0
35.09,0
21.73,0
8.34,0
52.64,0
40.1,0
12.36,0
1.62,0
38.84,0
41.17,0
3.77,0
51.57,0
4.71,0
9.66,0
3.87,0
47.08,0
1.03,0
25.55,0
7.93,0
1.67,0
10.82,0
22.24,0
25.42,0
8.32,0
35.6,0
35.65,0
76.62,0
22.51,0
59.99,0
4.79,0
17.26,0
19.73,0
22.88,0
41.35,0
59.01,0
33.72,0
19.61,0
0.1,0
25.33,0
121.58,0
36.61,0
43.67,0
35.32,0
36.33,0
41.44,0
27.01,0
17.05,0
37.65,0
15.06,0
12.21,0
33.26,0
2.11,0
15.41,0
3.18,0
13.73,0
15.54,0
47.69,0
14.15,0
49.58,0
229.74,0
53.17,0
0.41,0
23.3,0
25.14,0
8.79,0
26.63,0
38.93,0
21.14,0
39.83,0
4.21,0
1.09,0
9.71,0
0.28,0
16.29,0
9.28,0
5.89,0
41.77,0
146.89,0
53,0
14.07,0
27.99,0
52.94,0
45.96,0
38.14,0
32.12,0
10.04,0
8,0
54.54,0
3.9,0
23.41,0
48.11,0
45.08,0
2.59,0
22.81,0
48.15,0
97.56,0
40.44,0
99.08,1
0.77,0
17.28,0
3.25,0
30.73,0
11.55,0
107.32,0
17.7,0
23.67,0
26.54,0
21.57,0
58.68,0
10.57,0
93.15,0
10.13,0
14.59,0
4.4,0
9.08,0
42.54,0
46.61,0
27.75,0
31.06,0
19.7,0
62.58,0
9.52,0
282.45,0
42.36,0
19.87,0
13.15,0
22.27,0
48.87,0
12.74,0
70.35,0
34.19,0
35.67,0
53.05,0
37.43,0
27.78,0
464.78,1
44.7,0
41.77,0
1.3,0
6.36,0
3.1,0
109.83,0
46.19,0
15.61,0
20.87,0
6.54,0
24.47,0
21.28,0
45.97,0
69.16,0
2.68,0
29.09,0
22.69,0
30.73,0
24.91,0
38.11,0
8.35,0
9.58,0
5.32,0
8.97,0
57.36,0
72.16,0
46.57,0
33.48,0
11.35,0
24.67,0
26.4,0
28.3,0
8.82,0
29.39,0
23.53,0
34.3,0
23.14,0
5.51,0
40.19,0
182.04,0
8.67,0
30.51,0
36.92,0
4.46,0
48.99,0
50.63,0
7.87,0
15.4,0
31.14,0
27.89,0
13.66,0
10.04,0
17.24,0
21.04,0
77.87,0
47.77,0
62.54,0
38.44,0
30.36,0
51.07,0
55.22,0
33.46,0
11.82,0
56.68,0
54.89,0
42.32,0
15.85,0
44.99,0
15.73,0
36.98,0
79.68,0
26.94,0
30.18,0
33.31,0
26.25,0
45.37,0
43.61,0
30.8,0
28.53,0
23.57,0
27.28,0
10.91,0
48.47,0
20.18,0
11.72,0
18.26,0
26.67,0
1.49,0
35.67,0
38.01,0
28.27,0
33.49,0
7.64,0
43.82,0
32.87,0
23.1,0
39.33,0
65.01,0
25.4,0
46.25,0
12.46,0
22.98,0
13.62,0
25,0
9.87,0
25.86,0
211.42,0
6.34,0
40.83,0
30.29,0
26.95,0
119.88,1
2.35,0
8.6,0
23.56,0
29.73,0
46.24,0
2.56,0
24.45,0
44.93,0
52.86,0
50.48,0
233.79,0
46.64,0
35.65,0
18.98,0
1.83,0
95.91,0
1.92,0
0.58,0
31.94,0
46.77,0
31.94,0
11.93,0
41.95,0
33.76,0
22.46,0
19.07,0
7.33,0
40.65,0
23.65,0
56.32,0
22.36,0
39.32,0
7.63,0
59.19,0
22.85,0
18.3,0
25.3,0
8.85,0
28.8,0
2.59,0
74.76,0
23.86,0
28.74,0
11.61,0
126.51,1
44.94,0
28.27,0
27.62,0
27.29,0
149.74,0
67.58,0
14.92,0
12.74,0
7.85,0
6.03,0
16.59,0
27.36,0
12.9,0
39.47,0
1.86,0
12.77,0
35.25,0
24.51,0
10.33,0
4.57,0
11.18,0
190.02,0
24.54,0
14.96,0
23.04,0
28.04,0
59.05,0
10.89,0
9.25,0
22.77,0
15.84,0
1.08,0
20.16,0
16.88,0
44.07,0
37.61,0
62.42,0
19.04,0
13.61,0
41.04,0
6.11,0
43.6,0
11.43,0
26.99,0
39.2,0
55.32,0
35.68,0
1.36,0
13,0
15.81,0
41.58,0
677.13,1
6.64,0
8.36,0
9.6,0
24.19,0
44.67,0
29.86,0
84.31,0
35.7,0
20.83,0
0.29,0
9.41,0
11.04,0
6.58,0
8.12,0
10.24,0
41.64,0
31.52,0
37.95,0
50.81,0
35.97,0
1.38,0
59.43,0
52.29,0
33.02,0
7.02,0
29.1,0
13.37,0
2.46,0
6.85,0
18.97,0
41.6,0
21.1,0
34.09,0
55.92,0
1.4,0
17.21,0
22.74,0
37.51,0
11.03,0
31.9,0
42.06,0
25.56,0
7.82,0
61.96,0
15.6,0
2.87,0
126.2,0
36.7,0
23.93,0
48.34,0
87.63,0
372.59,0
19.96,0
9.05,0
25.55,0
38.06,0
5.34,0
46.8,0
9.8,0
51.12,0
101.39,0
7.59,0
287.3,0
33.66,0
34.32,0
43.32,0
3.68,0
6.86,0
36.57,0
37.41,0
25.02,0
0.85,0
46.89,0
35.96,0
66.17,0
76.63,0
48.34,0
10.06,0
5.92,0
24.91,0
46.66,0
43.46,0
28.25,0
8.06,0
2.71,0
101.79,0
12.1,0
11.29,0
8.83,0
10.09,0
12.21,0
28.38,0
84.04,0
50.7,0
20.57,0
52.42,0
36.77,0
91.56,0
21.64,0
38.56,0
34.2,0
26.47,0
15.14,0
2.68,0
32.98,0
9.53,0
33.81,0
68.21,0
1.26,0
28.96,0
20.39,0
52.95,0
14.67,0
2.32,0
18.14,0
23.08,0
16.93,0
12.49,0
12.35,0
10.24,0
2.61,0
4.36,0
24.19,0
43.55,0
45.44,0
33.93,0
6.31,0
1.9,0
3.22,0
5.24,0
16.4,0
7.38,0
50.68,0
18.84,0
56.88,0
112.8,0
34.89,0
47.91,0
19.01,0
21.21,0
6.02,0
34.31,0
63.48,0
46.9,0
19.99,0
14.45,0
67.76,0
17.81,0
17.19,0
100.36,0
37.65,0
31.64,0
501.77,1
23.77,0
8.13,0
26.47,0
27.49,0
46.76,0
39.47,0
25.65,0
4.53,0
87.65,0
41.12,0
6.42,0
23.5,0
51.81,0
23.29,0
13.07,0
7.36,0
21.09,0
10.18,0
32.42,0
147.09,0
73.56,1
37.41,0
39.36,0
36.44,0
60.41,0
9.71,0
16.9,0
45.39,0
39.33,0
5.6,0
33.07,0
52.21,0
1.6,0
3.93,0
38.69,0
42.94,0
76.86,0
65.57,0
20.42,0
71.09,0
29.9,0
31.92,0
2.55,0
18.01,0
2.31,0
6.3,0
1.59,0
23.72,0
24.59,0
123.11,0
33.94,0
2.94,0
14.21,0
10.23,0
21.16,0
12.68,0
52.61,0
64.44,0
20.72,0
6.42,0
37.95,0
58.06,0
31.1,0
5.73,0
23.3,0
16.03,0
42.54,0
6.74,0
4.17,0
31.87,0
43.14,0
48.7,0
15.7,0
26.27,0
8.66,0
46.29,0
3.3,0
31.8,0
21.92,0
23.18,0
11.67,0
7.38,0
7.46,0
48.18,0
31.51,0
9.76,0
23.7,0
80.92,0
1.77,0
3.58,0
9.87,0
17.14,0
3.6,0
48.75,0
38.61,0
166.16,0
50.68,0
35.99,0
101.23,0
32.71,0
16.16,0
68.31,0
0.82,0
48.3,0
23.83,0
9.01,0
5.59,0
229.55,0
0.23,0
10.52,0
40.48,0
8.8,0
40.78,0
43.71,0
16.76,0
27.92,0
23.08,0
23.24,0
37.26,0
10.65,0
30.19,0
12.83,0
43.13,0
29.5,0
30.17,0
37.16,0
43.66,0
20.12,0
30.63,0
39.83,0
21.44,0
19.35,0
33.58,0
29.39,0
18.75,0
23.91,0
33.22,0
36.39,0
12.67,0
24.22,0
12.44,0
53.6,0
7.44,0
44.66,0
51.59,0
6.45,0
25.13,0
15.3,0
30.2,0
48.67,0
29.93,0
30.63,0
42.09,0
25.09,0
45.12,0
10.27,0
74.13,0
646.87,1
8.04,0
35.24,0
140.46,0
28.32,0
118.05,0
56.65,0
4.83,0
81.92,0
42.39,0
64.9,0
75.8,0
23.65,0
21.1,0
25.84,0
21.59,0
39.62,0
23.67,0
21.24,0
25.33,0
36.29,0
33.05,0
38.19,0
26.73,0
4.44,0
14.75,0
50.3,0
79.02,0
41.37,0
37.37,0
8.46,0
36.16,0
12.75,0
15.67,0
37.39,0
45.48,0
73.62,0
2.25,0
18.2,0
66.08,0
4.73,0
8.96,0
23.67,0
18.07,0
3.46,0
17.06,0
4.57,0
3.59,0
70.39,0
84.79,0
13.55,0
2.77,0
18.17,0
17.61,0
19.05,0
42.88,0
82.28,0
3.29,0
15.06,0
39.86,0
77.51,0
3.52,0
118.51,0
35.8,0
2.67,0
87.68,0
34.65,0
18,0
20.16,0
6.75,0
40.79,0
3612.92,1
49.9,0
15.11,0
9.86,0
41.64,0
8.56,0
23.76,0
56.27,0
29.52,0
5.99,0
61.17,0
17.28,0
38.06,0
17.65,0
33.14,0
35.42,0
63.04,0
1.2,0
43.65,0
36.38,0
130.57,0
62.18,0
33.88,0
37.06,0
13.93,0
272.3,1
15.82,0
25.35,0
12.91,0
20.58,0
8.8,0
25.55,0
46.05,0
40.96,0
64.4,0
8.4,0
18.8,0
38.59,0
49.27,0
38.95,0
10.49,0
22.99,0
9.99,0
41.72,0
47.36,0
23.54,0
25.47,0
57.62,0
8.05,0
17.2,0
6.2,0
4.1,0
29.7,0
1.71,0
1.3,0
29.97,0
21.71,0
13.26,0
17.57,0
0.24,0
13.2,0
9.22,0
26.5,0
7.3,0
35.29,0
16.98,0
191.01,0
17.67,0
10.86,0
24.99,0
25.85,0
56.68,0
12.15,0
35.87,0
45.91,0
43.73,0
69.27,0
9.56,0
32.38,0
0.22,0
18.05,0
50.02,0
7.43,0
29.42,0
3.89,0
24.44,0
75.56,0
4.48,0
19.77,0
63.44,0
9.83,0
2.53,0
29.73,0
35.97,0
4.08,0
40.47,0
1.6,0
27.83,0
42.41,0
27.82,0
38.05,0
8.69,0
5.03,0
15.46,0
17.7,0
2.89,0
12.22,0
14.18,0
18.84,0
35.13,0
30.65,0
19.4,0
11.37,0
23.51,0
27.32,0
44,0
23.61,0
42.75,0
57.15,0
29.68,0
7.18,0
17.89,0
19.21,0
26.64,0
24.97,0
37.79,0
57.93,0
30.17,0
26.15,0
12.28,0
48.65,0
9,0
31.53,0
17.81,0
40.57,0
19.67,0
41.87,0
33.1,0
10.44,0
12.52,0
33.32,0
40.61,0
37.72,0
39.81,0
20.54,0
33.91,0
20.18,0
8.68,0
218.55,0
22.98,0
31.08,0
77.52,0
9.41,0
35.15,0
18.29,0
24.75,0
20.81,0
89.5,0
0.79,0
46.43,0
197.14,0
52.78,0
5.35,0
76.31,0
27.97,0
18.78,0
3.11,0
47.5,0
201.05,0
6.23,0
19.59,0
18.67,0
21.59,0
21.66,0
20.03,0
57.33,0
28.23,0
212.01,0
58.99,0
17.13,0
42.54,0
5.45,0
18.69,0
27.86,0
94.88,0
1.47,0
29.14,0
55.8,0
24.9,0
50.87,0
60.64,0
35.44,0
10.94,0
38.16,0
12.99,0
23.05,0
55.91,0
4.75,0
50.19,0
25.83,0
47.19,0
8.68,0
5.7,0
22.68,0
17.13,0
18.16,0
45.48,0
211.44,0
58.43,0
40.39,0
25.1,0
3.2,0
141.66,0
142.74,1
4.13,0
38.34,0
31.71,0
7.12,0
88.58,0
7.74,0
12.23,0
14.22,0
11.53,0
14.94,0
23.83,0
80.79,0
840.31,1
31.79,0
0.68,0
16.23,0
39.85,0
40.29,0
9.91,0
29.52,0
37.64,0
12.44,0
14.32,0
28.59,0
30.14,0
0.58,0
28.57,0
181.94,0
31.5,0
27.02,0
109.86,0
9.23,0
42.71,0
13.37,0
0.92,0
61.09,0
1.36,0
61.32,0
12.54,0
42.45,0
22.4,0
35.47,0
29.13,0
0.91,0
46.88,0
4.3,0
7.5,0
6.64,0
13.19,0
15.73,0
13.05,0
32.91,0
58.87,0
3.84,0
46.1,0
36.14,0
80.16,0
21.23,0
5.46,0
11.34,0
22.28,0
68.07,0
20.47,0
11.24,0
33.58,0
43.59,0
89.19,0
40.9,0
16.25,0
12.7,0
33.71,0
13.67,0
12.35,0
28.09,0
19.53,0
48.28,0
27.77,0
53.36,0
10.98,0
38.86,0
67,0
27.17,0
38.66,0
24.53,0
25.45,0
19.54,0
37.75,0
38.01,0
17.54,0
7.26,0
32.57,0
21.66,0
7.34,0
22.2,0
22.48,0
55.3,0
46.03,0
38.98,0
36.08,0
45.11,0
26.94,0
15.9,0
42.93,0
3.02,0
13.18,0
15.27,0
55.29,0
58.15,0
39.01,0
21,0
17.04,0
24.4,0
37.39,0
29.03,0
36.4,0
13.26,0
19.44,0
6.59,0
18.34,0
27.06,0
47.99,0
12.92,0
35.15,0
27.4,0
41.89,0
32.92,0
19.52,0
4.66,0
19.61,0
7.65,0
122.43,0
196.35,0
4.62,0
82.92,0
25.74,0
4.37,0
38.85,0
26.14,0
28.24,0
75.58,0
40.59,0
39.38,0
5.5,0
41.37,0
19.7,0
65.65,0
37.35,0
14.86,0
32.57,0
32.15,0
45.24,0
19.03,0
35.12,0
4.84,0
24.8,0
32.06,0
16.05,0
37.01,0
119.71,0
47.84,0
32.24,0
33.81,0
22.31,0
25.55,0
7.92,0
29.56,0
18.16,0
11.41,0
5.2,0
50.52,0
10.88,0
20.84,0
4.83,0
77.28,0
60.77,0
16.42,0
21.99,0
58.19,0
20.96,0
40.31,0
35.41,0
11.77,0
23.19,0
18.03,0
5.8,0
109.53,0
41.88,0
50.1,0
36.48,0
42.04,0
71.53,0
50.28,0
20.55,0
58.14,0
29.74,0
6.26,0
23.49,0
0.51,0
44.12,0
51.3,0
22.37,0
32.07,0
29.94,0
10.56,0
48.08,0
159.18,0
18.69,0
23.46,0
4.95,0
35.26,0
84.72,0
21.84,0
19.53,0
47.43,0
37.56,0
42.5,0
13.47,0
30.06,0
57.31,0
8.43,0
3.78,0
20.29,0
5.61,0
32.35,0
51.83,0
27.48,0
8.59,0
46.98,0
66.63,0
10.31,0
55.46,0
56.36,0
26.85,0
14.58,0
30.01,0
13.55,0
17.83,0
77.08,0
462.78,1
15.83,0
0.87,0
41.33,0
19.53,0
8.09,0
30.92,0
2.18,0
7.33,0
47.14,0
27.12,0
169.59,0
12.35,0
40.05,0
52.21,0
33.74,0
60.49,0
21.4,0
22.25,0
35.62,0
43.94,0
25.4,0
37.1,0
15.96,0
19.85,0
17.93,0
36,0
16.52,0
27.23,0
1.54,0
136.48,0
40.03,0
21.35,0
7,0
3.67,0
18.66,0
13.92,0
7.65,0
14.63,0
24.03,0
51.48,0
60.54,0
17.42,0
22.77,0
134.19,0
1.42,0
0.37,0
28.53,0
27.13,0
20.67,0
41.78,0
36.46,0
35.53,0
6.97,0
11.44,0
32.69,0
35.22,0
58.43,0
22.47,0
37.08,0
48.65,0
4.79,0
23.8,0
7.97,0
15.26,0
19.26,0
8.65,0
22.91,0
7.23,0
15.53,0
126.28,0
31.01,0
16.55,0
20.8,0
9.79,0
34.79,0
26.99,0
15.58,0
34.46,0
51.73,0
20.03,0
53.66,0
44.65,0
8.67,0
45.87,0
23.76,0
3.86,0
22.85,0
9.22,0
48.66,0
38.31,0
58.25,0
10.96,0
2.69,0
52.4,0
34.1,0
59.15,0
25.84,0
24.6,0
10.27,0
18.7,0
30.06,0
14.34,0
18.55,0
47.81,0
28.06,0
48.29,0
31.81,0
33.45,0
18.48,0
6.15,0
25.55,0
22.34,0
5.22,0
22.79,0
1.42,0
14.47,0
8.35,0
29.11,0
35.86,0
29.85,0
28.16,0
7.11,0
44.33,0
40.19,0
58.64,0
23.89,0
115.28,0
8.86,0
0.96,0
74.87,0
21.72,0
82.46,0
45.3,0
31.83,0
17.58,0
55.39,0
10.2,0
4.74,0
33.03,0
6.97,0
13.43,0
10.23,0
29.59,0
6.51,0
66.37,0
12.91,0
25.85,0
19.17,0
27.65,0
40.55,0
16.5,0
33.27,0
49.62,0
77.07,0
19.26,0
33.42,0
35.29,0
31.39,0
27.05,0
31.45,0
33.53,0
68.51,0
6.36,0
5.24,0
34.23,0
6.79,0
31.34,0
20.03,0
1.4,0
25.93,0
39.83,0
1.87,0
6.99,0
7.96,0
8.47,0
40.61,0
28.82,0
63,0
70.4,0
3.7,0
25.33,0
111.72,0
32.81,0
53.24,0
13.87,0
13.29,0
45.35,0
10.63,0
70.65,0
25.95,0
5.47,0
310.64,0
4.37,0
11.82,0
40.05,0
56.97,0
12.29,0
22.48,0
18.55,0
41.78,0
50.16,0
20.61,0
6.52,0
30.97,0
32.92,0
25.42,0
59.75,0
9.23,0
56.42,0
26.67,0
34.17,0
29.19,0
17.97,0
12.18,0
62.57,0
5.33,0
42.65,0
14.02,0
70.23,0
40.59,0
27.82,0
19.42,0
6.66,0
24.2,0
49.45,0
59.96,0
16.25,0
20.7,0
54.18,0
46.94,0
25.29,0
40.06,0
8.18,0
121.74,0
25.59,0
9.29,0
20.28,0
25.28,0
10.47,0
0.67,0
59.26,0
39.26,0
62.37,0
9.16,0
210.62,0
24.29,0
41.76,0
34.03,0
41.36,0
472.11,1
17.68,0
44.04,0
8.57,0
35.21,0
45.07,0
8.9,0
49.05,0
27.83,0
42,0
35.85,0
64.39,0
28.2,0
5.82,0
1.41,0
33.24,0
38.35,0
18.86,0
22.06,0
2.36,0
0.02,0
36.81,0
0.76,0
32.69,0
55.56,0
12.74,0
62.79,0
5.6,0
31.53,0
7.59,0
12.29,0
23.93,0
15.12,0
23.35,0
148.48,0
74.03,0
9.12,0
10.52,0
33.1,0
40.46,0
65.23,0
34.39,0
8.1,0
36.7,0
24.01,0
42.42,0
29.15,0
37.19,0
0.25,0
26.09,0
50.41,0
41,0
37.26,0
0.23,0
63.96,0
71.7,0
15.01,0
14.16,0
25.22,0
8.17,0
16.01,0
1.8,0
49.53,0
40.38,0
16.52,0
19.75,0
18.73,0
47.11,0
40.39,0
37.85,0
8.03,0
1.25,0
47.27,0
44.2,0
19.54,0
41.03,0
18.25,0
7.66,0
6.74,0
82.14,0
75.52,0
70.94,0
66.19,0
70.66,0
14.18,0
3.65,0
26.01,0
41.51,0
69.74,0
50.29,0
43.18,0
11.03,0
28.32,0
52.52,0
19.94,0
33,0
37.3,0
51.05,0
9.6,0
15.92,0
14.34,0
15.63,0
5.13,0
8.06,0
53.79,0
63.24,0
80.3,0
12.25,0
1.67,0
31.93,0
5.59,0
7.35,0
1.98,0
32.39,0
16.84,0
17.31,0
13.35,0
24.68,0
147.75,0
47.16,0
38.48,0
40.4,0
37.6,0
35.82,0
21.3,0
13.6,0
148.61,0
22.02,0
38.5,0
6.36,0
69.12,0
23.97,0
13.86,0
51.16,0
26.14,0
22.53,0
62.43,0
11.91,0
46.36,0
25.7,0
249.96,0
1860.34,1
44.78,0
15.43,0
43.12,0
20.13,0
23.87,0
13.05,0
8.12,0
69.62,0
5.59,0
30.86,0
60.31,0
9.36,0
40.8,0
76.98,0
3060.24,1
32.12,0
7.2,0
7.88,0
29.81,0
28.05,0
56.22,0
12.13,0
20.73,0
29.43,0
49.98,0
46.65,0
35.66,0
33.08,0
40.04,0
18.63,0
23.17,0
31.29,0
35.45,0
8.75,0
55.85,0
119.99,0
13.65,0
27.62,0
23.78,0
13.89,0
23.89,0
21.44,0
2.15,0
47.92,0
43,0
51.78,0
8.94,0
24.57,0
26.01,0
9.59,0
41.67,0
19.52,0
130.3,0
21.95,0
21.28,0
20.97,0
0.58,0
16.71,0
34.65,0
15.11,0
30.34,0
23.09,0
60.7,0
43.04,0
5.9,0
35.37,0
29.93,0
30.08,0
18.48,0
25.36,0
26.36,0
10.71,0
9.02,0
9.85,0
44.85,0
24.75,0
20.96,0
17.1,0
48.61,0
22.42,0
50.08,0
24.88,0
16.6,0
57.55,0
46.45,0
134.53,0
0.9,0
5.56,0
22.58,0
11.37,0
62.25,0
40.55,0
26.57,0
76.73,0
53.97,0
2.39,0
70.07,0
2.63,0
6.45,0
129.01,0
28.08,0
37.38,0
24.61,0
50.03,0
16.48,0
2.05,0
30.61,0
5.46,0
25.24,0
55.63,0
58.91,0
4.11,0
13.73,0
3.22,0
53.52,0
43.01,0
36.39,0
35.97,0
51.54,0
24.19,0
25.83,0
19.82,0
1.26,0
31.16,0
49.15,0
5.74,0
38.08,0
94.2,0
22.7,0
52.94,0
30.36,0
98.67,0
14.58,0
6.22,0
22.88,0
20.14,0
14.2,0
13.1,0
13.07,0
57.37,0
18.71,0
68.89,0
48.11,0
35.67,0
123.24,0
31.23,0
6.65,0
39.35,0
12.09,0
14.56,0
52.32,0
10.83,0
17.33,0
44.58,0
13.68,0
60.27,0
163.58,0
33.66,0
33.46,0
5.37,0
45.46,0
33.59,0
12.87,0
37.07,0
32.93,0
0.69,0
27.54,0
202.93,1
17.43,0
17.66,0
9.11,0
20.69,0
52.65,0
10.34,0
846.61,1
9.81,0
42.78,0
15.26,0
33.12,0
13.04,0
29.64,0
6.81,0
20.78,0
63.72,0
14.54,0
126.58,0
143.16,0
39.97,0
21.56,0
43.52,0
11.86,0
62.1,0
25.51,0
42.15,0
47.21,0
52.33,0
45.66,0
4.64,0
33.67,0
38.01,0
3.13,0
7.96,0
42.18,0
0.16,0
72.35,0
34.96,0
32.84,0
21.96,0
53.1,0
6.24,0
50.95,0
33.93,0
4.27,0
18.42,0
3.34,0
11.13,0
52.27,0
0.48,0
20.43,0
17.6,0
27.27,0
5.5,0
11.95,0
2.63,0
31.39,0
22.28,0
10.27,0
25.38,0
53.75,0
30.68,0
20.65,0
15.61,0
57.46,0
28.31,0
33.56,0
36.98,0
11.27,0
14.96,0
1.66,0
58.06,0
29.44,0
30.24,0
29.66,0
33.4,0
57.31,0
9.25,0
1.97,0
48.75,0
47.85,0
4.41,0
33.17,0
64.76,0
23.35,0
25.37,0
20.33,0
22.02,0
15.58,0
30.64,0
6.76,0
34.76,0
25.3,0
26.16,0
43.57,0
18.35,0
30.39,0
9.04,0
43.39,0
30.06,0
1.42,0
31.39,0
20.64,0
13.47,0
19.29,0
365.15,1
34.59,0
21.25,0
18.75,0
10.83,0
26.14,0
65.92,0
34.47,0
6.67,0
567.39,1
14.88,0
61.63,0
3.78,0
160.27,0
5.59,0
31.01,0
47.06,0
28.87,0
17.76,0
43.5,0
16.06,0
12.03,0
20.9,0
11.76,0
47.85,0
46.97,0
45.77,0
19.35,0
25.03,0
20.97,0
28.96,0
2.77,0
25.3,0
15.91,0
26.87,0
23.18,0
24.63,0
88.5,0
107.63,0
190.52,0
6.52,0
30.8,0
4.53,0
15.16,0
36.09,0
58.99,0
7.57,0
60.87,0
32.92,0
49.08,0
21.24,0
30.86,0
38.93,0
39.8,0
22.38,0
42.34,0
39.49,0
12.3,0
41.97,0
1.69,0
31.47,0
7.81,0
78.41,0
63.76,0
19.95,0
25.71,0
30.8,0
19.98,0
52.86,0
26.03,0
26.51,0
162.69,0
30.72,0
62.04,0
45.12,0
61.12,0
7.17,0
20.5,0
54.74,0
11.65,0
45.91,0
32.84,0
37.99,0
34.66,0
12.66,0
2.6,0
50.83,0
4.27,0
37.44,0
27.02,0
10.47,0
9.31,0
14.98,0
43.78,0
65.17,0
14.92,0
27.83,0
33.09,0
0.3,0
22.55,0
30.47,0
14.39,0
55.9,0
30.03,0
12.54,0
13.45,0
34.69,0
84.42,0
43.38,0
26.35,0
15.93,0
80.56,0
15.43,0
30.26,0
7.26,0
84.14,1
30.86,0
45.98,0
19.8,0
5.72,0
22.7,0
61.51,0
82.69,0
40.19,0
37.38,0
28.67,0
40.64,0
71.89,0
50.19,0
28.3,0
28.77,0
18.83,0
14.97,0
15.04,0
20.74,0
16.78,0
7.73,0
37.21,0
11.24,0
16.6,0
6.11,0
75.75,0
33.72,0
66.42,0
39.82,0
22.9,0
57.47,0
29.19,0
39.06,0
8.97,0
17.46,0
14.7,0
29.56,0
27.5,0
0.03,0
14.75,0
23.77,0
19.83,0
3.72,0
57.01,0
34.87,0
23.11,0
7.38,0
55.88,0
6.49,0
15.55,0
93.52,0
29.1,0
46.52,0
19.34,0
5.49,0
15.92,0
53.84,0
0.42,0
15.27,0
24.88,0
47.33,0
26.63,0
40.67,0
4.35,0
60.13,0
17.84,0
36.63,0
63.87,0
41.33,0
44.03,0
68.11,0
28.93,0
57.77,0
42.81,0
7.6,0
65.4,0
46.49,0
32.68,0
41.05,0
3.94,0
11.54,0
56.6,0
53.16,0
15.82,0
22.57,0
35.4,0
39.07,0
5.92,0
37.61,0
18,0
10.37,0
202.24,0
43.82,0
33.42,0
18.39,0
3.76,0
34.67,0
69.17,0
24.99,0
2.53,0
31.46,0
66.84,0
35.9,0
54.71,0
31.39,0
26.44,0
165.5,0
29.5,0
58.48,0
24.99,0
32.14,0
23.32,0
19.73,0
56.32,0
67.13,0
19.7,0
3.49,0
1.52,0
57.98,0
37.68,0
26.04,0
48.22,0
19.8,0
10.68,0
14.08,0
55.79,0
40.23,0
1.2,0
636.99,1
7.45,0
41.21,0
19.66,0
45.12,0
50.51,0
19.51,0
27.01,0
2.49,0
39.88,0
60.76,0
96.82,0
19.19,0
11.42,0
35.2,0
53.24,0
16.46,0
44.24,0
31.48,0
10.38,0
29.46,0
24.06,0
26.59,0
22.48,0
7.96,0
35.99,0
2.37,0
18.43,0
21.57,0
15.91,0
9.62,0
19.9,0
47.77,0
5.99,0
10.88,0
44.72,0
31.82,0
16.78,0
9.22,0
8.63,0
13.33,0
4.64,0
25.52,0
14.68,0
51.35,0
1.66,0
0.15,0
3.74,0
62.9,0
48.63,0
68.43,0
12.89,0
66.24,0
45.94,0
9.31,0
31.3,0
29.7,0
10.12,0
39.41,0
37.59,0
64.19,0
7.37,0
9.02,0
45.79,0
11.78,0
43.69,0
1.58,0
8.51,0
34.09,0
13.23,0
38.11,0
19.7,0
38.99,0
42.07,0
16.95,0
10.31,0
25.27,0
34.13,0
204.21,0
63.39,0
2.01,0
26.51,0
34.52,0
57.77,0
24.23,0
37.05,0
49.1,0
150.91,0
51.22,0
6.67,0
18.56,0
75.37,0
30.27,0
20.03,0
36.54,0
24.67,0
56.81,0
42.16,0
24.76,0
41.67,0
1.13,0
27.22,0
14.6,0
9.68,0
3.67,0
30.94,0
16.36,0
25.69,0
6.85,0
39.49,0
17.18,0
23.6,0
3.33,0
21.72,0
31.83,0
19.66,0
23.4,0
6.43,0
12.62,0
27.88,0
18.77,0
12.66,0
5,0
50.45,0
8.12,0
42.21,0
3.21,0
19.01,0
6.24,0
67.94,0
47.4,0
39.05,0
30.59,0
25.02,0
6.48,0
23.46,0
32.3,0
44.96,0
48.73,0
19.86,0
9.98,0
11.88,0
42.9,0
3.97,0
11.09,0
16.2,0
47.01,0
29.99,0
14.63,0
1.13,0
11.16,0
31.1,0
2872.24,1
33.93,0
17.73,0
62.72,0
6.29,0
14.62,0
51.5,0
67.92,0
40.78,0
9.33,0
53.68,0
52.18,0
30.92,0
32.57,0
22.32,0
40.37,0
33.66,0
8.55,0
21.24,0
21.07,0
11.37,0
1.35,0
4.83,0
12.18,0
34.26,0
53.65,0
48.97,0
29.61,0
13.23,0
56.3,0
16.66,0
15.58,0
41.32,0
62.6,0
39.33,0
39.94,0
22.76,0
15.5,0
1.34,0
40.67,0
53.99,0
33.93,0
30.57,0
21.85,0
30.92,0
32.79,0
13.96,0
80.67,0
13.35,0
35.15,0
1.14,0
28.15,0
8.99,0
21.23,0
49.46,0
53.92,0
18.06,0
40.74,0
8.25,0
32.7,0
24.57,0
1.38,0
71.89,0
18.71,0
20.8,0
46.2,0
25.34,0
10.85,0
27.98,0
16.68,0
10.31,0
48.04,0
5.36,0
40.2,0
20.56,0
11.36,0
71.59,0
110.3,0
48.08,0
6.54,0
40.16,0
68.62,0
22.36,0
290.6,1
14.39,0
32.07,0
8.98,0
45.16,0
6.8,0
4.53,0
29.69,0
48.8,0
56.67,0
35.44,0
8.65,0
16.58,0
110.42,0
22.68,0
34.25,0
3.06,0
9.52,0
10.41,0
3.38,0
263.72,1
34.14,0
61.75,0
32.97,0
2.76,0
2.28,0
33.54,0
56.75,0
59.38,0
51.36,0
29.32,0
28.53,0
42.01,0
41.32,0
4.14,0
25.54,0
36.34,0
23.15,0
45.31,0
64.43,0
90.66,0
34.22,0
36.05,0
49.83,0
22.66,0
22.12,0
32.12,0
38.66,0
40.43,0
3.27,0
63.3,0
31.05,0
30.19,0
31.4,0
14.29,0
38.37,0
44.46,0
2.96,0
13.67,0
17.68,0
5.59,0
69.48,0
16.88,0
28.51,0
13.09,0
50.16,0
37.07,0
15.45,0
22.91,0
13.74,0
35.27,0
30.1,0
9.96,0
40.12,0
50.73,0
0.89,0
46.09,0
13.6,0
4.21,0
11.94,0
28.41,0
29.83,0
38.3,0
17.16,0
48.36,0
15.79,0
55.98,0
19.45,0
171.81,1
25.68,0
28.04,0
13.53,0
25.04,0
46.27,0
11.32,0
21.45,0
14.81,0
276.28,1
75.84,0
28.09,0
28.56,0
0.73,0
15.11,0
70.54,0
40.57,0
27.05,0
51.91,0
33.82,0
32.07,0
51.67,0
40.63,0
82.11,0
23.34,0
20.91,0
24.7,0
3.5,0
6.85,0
16.59,0
117.22,0
43.85,0
60.33,0
35.85,0
15.34,0
22.61,0
13.37,0
11.22,0
31.09,0
33.6,0
2.33,0
8.05,0
51.53,0
2.85,0
49.61,0
15.75,0
46.64,0
133.7,0
25.69,0
5.49,0
56.61,0
31.16,0
18.79,0
13.87,0
41.89,0
15.69,0
0.14,0
52.02,0
11.46,0
36.73,0
20.94,0
1.53,0
32.71,0
30.49,0
74.16,0
26.77,0
39.87,0
7.84,0
23.23,0
24.87,0
10.93,0
193.46,1
35.28,0
24.86,0
13.8,0
1.16,0
17.66,0
14.32,0
5.95,0
58.7,0
3,0
32.4,0
28.13,0
1.31,0
43.08,0
64.66,0
43.8,0
41.94,0
39.18,0
16.59,0
24.61,0
23.97,0
52.88,0
93.87,0
59.72,0
32.56,0
44.69,0
252.98,1
13.32,0
14.18,0
3.08,0
40.77,0
35.04,0
165.74,0
33.69,0
30.68,0
34.25,0
45.42,0
34.2,0
56.44,0
5.83,0
2.97,0
21.71,0
41.2,0
0.72,0
172.99,0
5.51,0
52.7,0
7.32,0
22.24,0
2.9,0
35.72,0
16.34,0
62.01,0
512.29,1
16.63,0
55.2,0
12.74,0
26.85,0
8.95,0
24.13,0
29.81,0
45.58,0
14.93,0
96.47,0
146.59,0
11.5,0
30.48,0
40.77,0
20.54,0
24.77,0
22.59,0
18.64,0
53.96,0
77.67,0
3.76,0
38.9,0
18.21,0
4.92,0
20.85,0
24.11,0
36.49,0
78.8,0
40.01,0
26.47,0
35.86,0
22.2,0
36.26,0
45.12,0
2.09,0
32.16,0
18.62,0
23.79,0
21.03,0
54.14,0
10.87,0
2.2,0
22.87,0
13.95,0
17.33,0
28.16,0
56.73,0
21.89,0
26.55,0
21.86,0
27.57,0
20.58,0
6.25,0
37.09,0
7.81,0
0.1,0
214.56,0
154.89,1
24.95,0
64.11,0
26.4,0
8.99,0
46.86,0
38.83,0
25.46,0
32.34,0
22.2,0
0.85,0
60.92,0
37.46,0
9.79,0
10.26,0
37.21,0
15.91,0
41.63,0
33.91,0
36.18,0
17.69,0
25.07,0
22.25,0
4.32,0
4.17,0
18.75,0
9.19,0
24.51,0
75.83,0
42.24,0
54.92,0
33.37,0
22.58,0
26.32,0
13.36,0
17.82,0
27.38,0
23.04,0
10.93,0
32.18,0
24.84,0
15.62,0
8.89,0
30.65,0
31.62,0
14.05,0
7.79,0
65.02,0
55.26,0
70.39,0
8.92,0
51.06,0
54.35,0
49.99,0
2.69,0
21.48,0
35.39,0
24.34,0
3.39,0
29.08,0
16.95,0
11.5,0
14.4,0
16.21,0
13.45,0
11.36,0
48.51,0
60.24,0
11.74,0
31.8,0
5.88,0
47.63,0
27.21,0
19.5,0
9.58,0
5.54,0
37.39,0
4.58,0
5.68,0
15.38,0
14.35,0
32,0
12.95,0
28.18,0
29.7,0
18.04,0
16.91,0
49.72,0
45.9,0
16.78,0
34.99,0
44.57,0
120.56,0
11.7,0
4.44,0
19.25,0
17.22,0
52.99,0
17.8,0
58.5,0
28.1,0
6.35,0
35.79,0
22.01,0
5.43,0
38.87,0
9.92,0
5.5,0
27.81,0
72.73,0
23.57,0
39.66,0
14.42,0
46.23,0
34.87,0
32.07,0
47.92,0
49.69,0
15.12,0
7.34,0
36.12,0
95.98,0
4.92,0
15.31,0
5.62,0
17.67,0
44.38,0
25.56,0
0.94,0
23.06,0
11.41,0
34.4,0
6.35,0
29.07,0
22.01,0
2.41,0
45.12,0
15.66,0
2.92,0
30.76,0
8.87,0
47.58,0
7.63,0
8.97,0
34.39,0
22.7,0
26.75,0
37.39,0
37.69,0
65.78,0
23.04,0
19.41,0
12.37,0
25.5,0
7.36,0
13.47,0
7.98,0
19.41,0
14.96,0
47.08,0
19.56,0
16.35,0
73.31,0
0.79,0
69.85,0
7.38,0
19.61,0
18.69,0
45.42,0
38.5,0
42.36,0
40.06,0
45.9,0
63.17,0
36.37,0
202.82,0
55.62,0
57.94,0
45.22,0
36.69,0
8.19,0
37.7,0
16.89,0
5.62,0
14.93,0
49.56,0
14.9,0
22.15,0
58.83,0
9.71,0
17.75,0
48.99,0
19.17,0
26.05,0
32.3,0
7.47,0
45.99,0
35.33,0
3.94,0
152.45,1
27.58,0
31.4,0
19.97,0
8.98,0
13.15,0
42.58,0
44.5,0
28.41,0
19.86,0
6.69,0
43.5,0
22.65,0
17.31,0
22.74,0
79.16,0
69.36,0
51.15,0
0.09,0
59.57,0
40.56,0
1.91,0
29.85,0
14.85,0
47.72,0
31.41,0
5.02,0
13.29,0
31.08,0
38.6,0
31.11,0
42.1,0
38.02,0
4.6,0
4.06,0
28.17,0
18.33,0
46.03,0
40.22,0
37.57,0
2.65,0
7.56,0
8.69,0
43.37,0
3.26,0
33.11,0
5.66,0
63.41,0
23.76,0
54.73,0
35.99,0
26.24,0
23.27,0
32.47,0
21.99,0
37.93,0
32.97,0
18.46,0
25.34,0
42.48,0
35.57,0
23.75,0
21.91,0
42.17,0
82.29,0
25.63,0
26.67,0
6.08,0
31.99,0
23.83,0
31.6,0
9.27,0
57,0
30.81,0
38.99,0
13.6,0
32.48,0
3.21,0
28.38,0
22.71,0
4.47,0
21.49,0
16.55,0
67.15,0
26.82,0
25.53,0
30.35,0
31.49,0
105.4,0
64.49,0
42.84,0
40.59,0
17.51,0
167.75,0
39.04,0
30.81,0
29.02,0
30.15,0
10.48,0
37.27,0
76.31,0
61.46,0
3.29,0
29.85,0
19.17,0
46.8,0
40.74,0
37,0
19.12,0
12.11,0
168.59,0
106.83,1
8.52,0
35.75,0
33.14,0
24.17,0
71.28,0
25.85,0
33.52,0
11.48,0
7.12,0
23.8,0
39.99,0
0.19,0
30.35,0
23.8,0
58.99,0
31.4,0
19.33,0
28.56,0
54.46,0
22.82,0
32.61,0
6.21,0
33.79,0
5.05,0
43.9,0
15.36,0
34.62,0
0.85,0
29.08,0
24.93,0
7.07,0
16.2,0
24.11,0
8.72,0
35.36,0
70.83,0
55.64,0
20.98,0
7.47,0
33.85,0
10.19,0
4.39,0
69.3,0
19.58,0
14.89,0
17.19,0
22.1,0
73.94,0
33.03,0
17.21,0
5.81,0
16.06,0
65.06,0
20.12,0
52.55,0
22.71,0
41.47,0
90.34,0
31.7,0
25.88,0
11.01,0
36.83,0
19.69,0
7.88,0
10.09,0
20.86,0
3.7,0
50.64,0
84.59,0
22.65,0
45.73,0
36.68,0
25.45,0
59.04,0
20.22,0
36.1,0
6.35,0
124.94,0
1162.11,1
10.91,0
25.48,0
59.03,0
50.75,0
1.93,0
3.27,0
43.39,0
107.01,0
7.35,0
20.17,0
94.08,0
26.51,0
21.93,0
30.11,0
27.79,0
27.72,0
20.36,0
8.98,0
43.53,0
35.57,0
87.84,0
9.33,0
39.87,0
33.69,0
28.74,0
35.14,0
12.83,0
31.55,0
11.54,0
48.17,0
35.77,0
11.66,0
13.94,0
13.43,0
50.34,0
33.78,0
58.95,0
23.51,0
44.17,0
29.94,0
50.96,0
5.75,0
36.9,0
45.91,0
23.04,0
12.22,0
73.95,0
37.38,0
3.28,0
41.64,0
40.22,0
40.12,0
28.7,0
25.22,0
35.97,0
32.9,0
10.37,0
26.09,0
20.62,0
395.07,1
28.92,0
30.68,0
27.63,0
89.66,0
2.98,0
50.74,0
46.21,0
5.24,0
5.9,0
10.68,0
52.7,0
60.64,0
11.43,0
2.93,0
22.3,0
39.11,0
34.57,0
42.72,0
75.33,0
49.98,0
1.12,0
25.67,0
37.01,0
48.92,0
25.5,0
24.98,0
46.47,0
20.98,0
2.12,0
34.37,0
45.56,0
51.86,0
40.53,0
70.64,0
38.51,0
23.01,0
5.93,0
32.97,0
13.53,0
16.43,0
19.99,0
24.58,0
67.11,0
297.92,1
27.99,0
36.46,0
7.34,0
3.82,0
49.66,0
29.88,0
14.31,0
26.69,0
39.01,0
41.98,0
0.24,0
11.14,0
2.81,0
52.08,0
85.5,0
8.81,0
36.65,0
19.93,0
18.34,0
16.13,0
33.05,0
51.71,0
10.09,0
19.97,0
37.91,0
38.48,0
37.72,0
50.43,0
42.13,0
24.46,0
33.44,0
44.43,0
22.41,0
1.06,0
18.31,0
45.35,0
4.21,0
14.84,0
26.18,0
39.41,0
54.99,0
4.03,0
13.64,0
35.79,0
19.31,0
34.39,0
60.24,0
6.09,0
12.16,0
54.98,0
62.27,0
8.28,0
5.51,0
33.4,0
104.44,0
8.76,0
17.14,0
18.01,0
38.84,0
35.1,0
40.04,0
33.01,0
9.12,0
5.15,0
40.02,0
16.12,0
16.68,0
28.9,0
17.81,0
47.2,0
53.04,0
46.1,0
4.2,0
20.66,0
19.23,0
6.53,0
11.42,0
19.79,0
9.95,0
64.5,0
25.25,0
5.83,0
14.86,0
2.23,0
22.18,0
2.74,0
24.69,0
40.06,0
6.71,0
5.42,0
1.79,0
37,0
15.54,0
34.58,0
20.01,0
14.97,0
10.07,0
25.61,0
44.69,0
28.24,0
29.72,0
6.84,0
42.21,0
41.89,0
46.92,0
38.21,0
42.73,0
37.41,0
27.88,0
15.1,0
42.61,0
29.36,0
12.8,0
6,0
15.32,0
58.87,0
22.06,0
6.05,0
49.54,0
6.37,0
11.16,0
36.97,0
117.14,0
6.11,0
57.9,0
51.73,0
40.41,0
4.09,0
209.8,0
29.23,0
36.99,0
26.95,0
36.74,0
46.83,0
47.89,0
3.83,0
28.13,0
12.57,0
37.31,0
51.46,0
36.14,0
39.51,0
15.66,0
5.48,0
18.19,0
29.81,0
38.51,0
56.64,0
191.21,0
14.45,0
45.01,0
12.01,0
41.34,0
39.88,0
62.68,0
49.76,0
52.78,0
6.79,0
20.45,0
57.78,0
13.82,0
87.95,0
30.67,0
32.22,0
4.66,0
52.47,0
31.3,0
27.43,0
6.86,0
22.89,0
29.76,0
29.18,0
206.52,1
17.94,0
39.84,0
15.25,0
31.3,0
28.7,0
3.05,0
22.2,0
3.93,0
7.36,0
32.63,0
53.89,0
40.54,0
25.62,0
65.89,0
28.24,0
18.69,0
61.84,0
33.99,0
27.12,0
50.16,0
75.19,0
57.29,0
33.22,0
4.48,0
47.17,0
50.67,0
27.5,0
11.94,0
57.57,0
6.49,0
5.36,0
5.41,0
26.07,0
20.64,0
31.34,0
29.95,0
61.06,0
27.04,0
52.39,0
27.24,0
45.02,0
33.92,0
12.75,0
18.05,0
17.84,0
7,0
21.19,0
16.02,0
3.27,0
18.48,0
20.18,0
12.14,0
22.66,0
65.52,0
32.51,0
19.12,0
25.54,0
0.85,0
9.51,0
53.15,0
62.73,0
40.57,0
10.43,0
40.22,0
5.07,0
33.94,0
54.06,0
54.2,0
41.29,0
38.74,0
8.46,0
23.08,0
8.32,0
53.29,0
53.63,0
7.99,0
7.89,0
17.51,0
14.42,0
40.21,0
18.75,0
64.39,0
48.31,0
35.82,0
19.51,0
15.32,0
67.4,0
22.14,0
8.69,0
44.61,0
28.45,0
19.45,0
22.89,0
7.26,0
9.07,0
5.6,0
0.68,0
22.91,0
31.34,0
21.63,0
12.11,0
29.42,0
8.33,0
9.7,0
49.33,0
40.67,0
21.72,0
41.07,0
21.23,0
3.8,0
36.91,0
0.72,0
39.45,0
13.16,0
24.67,0
5.85,0
16.93,0
18.17,0
33.4,0
24.6,0
65.11,0
20.9,0
24.24,0
21.07,0
93.91,0
2.61,0
23.2,0
57.97,0
29.54,0
44.27,0
39.87,0
5.02,0
29.71,0
17.67,1
4.06,0
44.16,0
31.71,0
5.47,0
5.87,0
14.31,0
16.78,0
17.13,0
4.04,0
46.31,0
9.49,0
50.65,0
4.55,0
81.53,0
14.73,0
28.69,0
5.48,0
595.16,1
69.11,0
3.18,0
23.76,0
61.51,0
11.13,0
12.53,0
8.56,0
13.01,0
34.85,0
22.01,0
19.79,0
19.81,0
10.36,0
30.61,0
23.7,0
48.04,0
47.69,0
151.16,0
14.23,0
30.6,0
30.2,0
38.83,0
32.91,0
42.05,0
7.41,0
5.61,0
18.88,0
16.7,0
25.9,0
37.28,0
59.69,0
1.17,0
74.6,0
15.83,0
30.01,0
3.04,0
7.56,0
45.02,0
37.06,0
20.68,0
50.29,0
42.15,0
5.6,0
24.19,0
14.86,0
18,0
47.08,0
13.24,0
38.54,0
7.93,0
30.93,0
63.11,0
38.4,0
5.26,0
40.16,0
14.88,0
31.87,0
10.02,0
71.02,0
37.12,0
74.35,0
15.76,0
22.49,0
2.1,0
52.08,0
26.02,0
31.99,0
22.99,0
25.12,0
1.14,0
5.27,0
12.96,0
38.53,0
23.37,0
47.13,0
31.02,0
15.24,0
39.31,0
20.02,0
11.23,0
55,0
18.24,0
22.26,0
26.29,0
32.93,0
0.49,0
34.77,0
25.98,0
14.48,0
54.17,0
18.02,0
27.82,0
131.24,1
38.93,0
2.28,0
18.92,0
0.06,0
104.04,0
12.62,0
54.38,0
11.82,0
54.43,0
12.33,0
2.16,0
37.13,0
49.24,0
2.16,0
30.79,0
18.18,0
13.17,0
59.17,0
86.29,0
17.55,0
21.29,0
3.15,0
21.19,0
29.57,0
2.07,0
6.54,0
42.21,0
21,0
41.57,0
29.05,0
27.36,0
77.18,0
55.85,0
38.65,0
6.5,0
49.46,0
33.75,0
54.45,0
15.86,0
28.49,0
38.73,0
2.13,0
65.37,0
72.04,0
24.6,0
16.31,0
58.6,0
12.89,0
20.97,0
7.66,0
12.28,0
7.82,0
15.45,0
2.19,0
14.52,0
76.27,0
99.48,0
14.54,0
22.32,0
41.42,0
42.95,0
28.08,0
28.78,0
54.93,0
50.06,0
5.41,0
3.41,0
3.27,0
17.81,0
56.01,0
5.71,0
37.18,0
59.09,0
7.01,0
17.17,0
15.45,0
14.08,0
19.81,0
7.55,0
5.42,0
2.41,0
20.76,0
8.32,0
36.79,0
21.43,0
27.57,0
57.18,0
44.37,0
35.36,0
33.23,0
42.51,0
5.85,0
59.04,0
10.03,0
28.86,0
20.19,0
25.64,0
47.2,0
17,0
59.59,0
1.36,0
5.96,0
40.85,0
38.9,0
31.53,0
35.93,0
10.89,0
23.04,0
25.34,0
24.57,0
41.68,0
29.28,0
15.81,0
43.7,0
15.52,0
17.42,0
14.8,0
3.64,0
6.39,0
45.06,0
59.53,0
22.94,0
10.77,0
100.26,0
30.12,0
44.28,0
61.97,0
53.9,0
54.72,0
40.69,0
44.9,0
29.41,0
47.68,0
39.86,0
9.02,0
34.83,0
12.43,0
45.7,0
22.45,0
23.88,0
101.13,0
44.56,0
134.05,0
1.27,0
29.78,0
50.47,0
17.27,0
33.46,0
8.89,0
40.89,0
80.4,0
10.72,0
32.52,0
21.25,0
26.88,0
3.17,0
25.21,0
41.04,0
28.6,0
16.78,0
38.9,0
19.49,0
8.07,0
18.48,0
34.21,0
7.18,0
7.62,0
40,0
680.88,1
22.53,0
12.36,0
1.63,0
8.77,0
31.56,0
57.13,0
50.24,0
22.11,0
54.71,0
26.83,0
50.12,0
35.25,0
1.4,0
55.39,0
48.81,0
41.2,0
20.93,0
1,0
42.11,0
55.88,0
27.19,0
9.63,0
20.88,0
2.65,0
177.3,0
9.37,0
6.34,0
36.46,0
13.93,0
21.09,0
18.98,0
26.21,0
21.48,0
36.24,0
5.39,0
39.18,0
1.43,0
57.22,0
66.11,0
808.28,1
24.51,0
38.86,0
16.51,0
22.81,0
2.97,0
0.72,0
13.08,0
26.87,0
20.06,0
1.64,0
32.58,0
23.56,0
94.03,0
14.7,0
0.81,0
2.33,0
32.11,0
17.19,0
47.11,0
5.61,0
14.22,0
42.67,0
70.21,0
39.35,0
24.66,0
1.69,0
32.59,0
17.51,0
16.04,0
7.78,0
42.75,0
16,0
25.11,0
29.85,0
29,0
17.08,0
31.03,0
21.12,0
5.18,0
70.28,0
31.98,0
1.6,0
15.15,0
18.72,0
28.24,0
42.89,0
32.63,0
38.82,0
51.64,0
36.73,0
43.08,0
17.72,0
43.13,0
7.94,0
13.81,0
13.48,0
44.53,0
39.43,0
34.5,0
24.13,0
39.27,0
45.78,0
21.67,0
234.17,0
17.17,0
12.13,0
115.52,0
14.52,0
22.48,0
17.26,0
59.82,0
21.02,0
156.35,0
19.12,0
55.83,0
22.42,0
51,0
51.2,0
39.75,0
27.16,0
11.27,0
27.31,0
33.75,0
23.51,0
5.75,0
17.44,0
23.6,0
2.5,0
23.33,0
27.73,0
59.57,0
75.14,0
22.27,0
16.76,0
50.23,0
31.47,0
24.36,0
16.78,0
18.15,0
39.85,0
3.24,0
0.14,0
15.3,0
46.78,0
19.62,0
29.88,0
25.53,0
16.5,0
98.34,0
13.87,0
6.24,0
27.69,0
34.05,0
32.56,0
9.83,0
29.83,0
75.09,0
31.69,0
44.01,0
23.11,0
6.87,0
42.01,0
42.93,0
51.92,0
10.59,0
23.04,0
34.84,0
17.85,0
4.34,0
6.7,0
99.38,0
19.6,0
26.89,0
46.61,0
5.67,0
16.24,0
41.82,0
9.42,0
3.45,0
1.83,0
36.32,0
2.76,0
44.38,0
18.46,0
51.71,0
33.46,0
29.71,0
39.49,0
1.78,0
47,0
12.94,0
5.54,0
63,0
8.01,0
2.04,0
26.19,0
9.47,0
30.58,0
11.72,0
33.3,0
5.38,0
44.97,0
103.82,0
1.42,0
33,0
26.23,0
13.34,0
34.59,0
17.37,0
34.05,0
13.06,0
27.91,0
5.38,0
23.09,0
3.86,0
5.48,0
5.95,0
17.4,0
17.87,0
14.19,0
1.74,0
7.68,0
30.91,0
43.25,0
20.3,0
4.85,0
19.14,0
19.66,0
0.97,0
115.16,0
36.11,0
52.31,0
30.97,0
50.34,0
79.58,0
44.38,0
3.12,0
64.92,0
55.15,0
607.85,1
38.01,0
19.62,0
6.89,0
7.96,0
20.81,0
20.45,0
0.54,0
32.08,0
17.18,0
6.57,0
26.79,0
67.42,0
17.76,0
12.3,0
47.03,0
11.75,0
40.2,0
34.7,0
16.55,0
30.11,0
10.96,0
23.77,0
12.73,0
32.38,0
49.52,0
43.76,0
35.75,0
42.44,0
26.12,0
54.53,0
27.49,0
98.36,0
34.41,0
28.12,0
58.44,0
55.89,0
23.6,0
67.45,0
9.98,0
61.88,0
41.35,0
5.51,0
26.81,0
39.73,0
3.78,0
56.16,0
5.13,0
38.33,0
29.41,0
86.8,0
43.63,0
44.6,0
10.78,0
5.71,0
35.87,0
15.35,0
36.42,0
62.99,0
14.37,0
41.37,0
14.03,0
1.73,0
29.44,0
12.04,0
39.76,0
34.32,0
22.63,0
35.38,0
5.12,0
5.67,0
40.8,0
19.78,0
49.84,0
36.04,0
34.87,0
33.46,0
3.96,0
40.18,0
35.04,0
12.92,0
29.46,0
50.72,0
40.1,0
1.22,0
44.65,0
0.81,0
24.99,0
35.7,0
1113.07,1
26.4,0
27.18,0
91.97,0
10.79,0
55.66,0
14.81,0
34.24,0
5.16,0
9.2,0
14.58,0
28.04,0
48.29,0
13.62,0
3.66,0
12.77,0
26.78,0
16.71,0
23.25,0
60.93,0
5.39,0
16.76,0
31.17,0
8.94,0
45.86,0
42.64,0
23.13,0
22.71,0
21.36,0
33.12,0
23.62,0
22.77,0
54.01,0
44.68,0
19.39,0
50.35,0
50.15,0
18.57,0
61.47,0
3.95,0
68.42,0
21.58,0
15.18,0
32.33,0
47.34,0
21.65,0
13.27,0
9.8,0
5.1,0
13.94,0
8.2,0
30.71,0
130.01,0
14.96,0
29.4,0
84.23,0
8.4,0
61.42,0
2.15,0
8.84,0
34.37,0
1.66,0
12.64,0
17.26,0
25.3,0
29.98,0
34.83,0
26.28,0
38.56,0
15.01,0
15.53,0
25.49,0
4.88,0
37.79,0
14.04,0
39.38,0
15.2,0
20.9,0
10.1,0
62.1,0
34.99,0
36.58,0
39.74,0
41.92,0
5.82,0
3.08,0
0.22,0
47.65,0
26.21,0
1.32,0
57.02,0
10.15,0
37.71,0
6.14,0
42.4,0
20.02,0
7.03,0
39.72,0
24.9,0
1.9,0
78.28,0
9.42,0
39.25,0
29.75,0
23.5,0
0.95,0
69.55,0
71.75,0
33.97,0
13.94,0
45.22,0
59.15,0
11.86,0
17.89,0
25.16,0
52.9,0
50.72,0
6.95,0
20.87,0
33.59,0
9.22,0
4.43,0
47.82,0
61.03,0
43.87,0
27.12,0
1.22,0
37.99,0
41.36,0
30.99,0
37.53,0
51.59,0
42.2,0
13.7,0
32.34,0
7.23,0
16.31,0
34.17,0
7.99,0
33.18,0
73.88,0
46.04,0
43.33,0
162.85,0
13.66,0
33.73,0
49.34,0
38.48,0
40.09,0
31.78,0
14.2,0
21.7,0
24.96,0
18.5,0
35.9,0
55.5,0
0.84,0
21.27,0
16.66,0
29.4,0
54.17,0
43.26,0
15.56,0
29.77,0
48.97,0
45.14,0
19.6,0
18,0
18.78,0
19.97,0
17.91,0
38.72,0
38.03,0
17.63,0
28.56,0
15.32,0
21.41,0
12.1,0
9.83,0
46.59,0
18.99,0
45,0
4.98,0
0.72,0
55.12,0
97.47,0
33.19,0
37.42,0
31,0
32.75,0
135.91,0
20.91,0
45.09,0
33.45,0
12.45,0
27.31,0
22.44,0
15.64,0
24.43,0
34.47,0
15.27,0
1.46,0
23.07,0
256.11,0
26.53,0
29.68,0
52.87,0
7.6,0
29.31,0
77.74,0
10.08,0
2.61,0
16.86,0
44.18,0
9.34,0
64.62,0
38.28,0
57.83,0
17.4,0
1.45,0
2846.67,1
7.8,0
17.84,0
40.43,0
10.91,0
27.16,0
29.12,0
11.09,0
50.22,0
18.97,0
44.93,0
30.1,0
42.25,0
51.53,0
55.75,0
35.97,0
18.58,0
76.16,0
2.49,0
27.02,0
2.74,0
23.2,0
20.44,0
66.36,0
16.91,0
28.33,0
1.02,0
132.62,0
92.78,0
45.34,0
1.47,0
29.16,0
37.08,0
48.78,0
31.03,0
57.64,0
51.82,0
19.85,0
105.06,0
19.47,0
35.52,0
11.36,0
34.98,0
191.95,0
69.15,0
22.25,0
62.46,0
45.57,0
2.07,0
24.53,0
49.22,0
40.61,0
60.6,0
24.96,0
6.82,0
1.75,0
42.13,0
51.74,0
4.51,0
67.86,0
47.43,0
39.55,0
24.91,0
0.79,0
19.86,0
24.72,0
2.91,0
37.2,0
8.95,0
2.4,0
15.3,0
9.55,0
397.02,1
9.02,0
57.23,0
126.68,0
34.98,0
15.91,0
4.8,0
55.37,0
38.69,0
32.81,0
5.43,0
47.51,0
158.27,0
11.07,0
35.17,0
47,0
30.23,0
46.66,0
66,0
37.61,0
49.07,0
48.4,0
20.82,0
30.99,0
18.79,0
28.05,0
25.51,0
9.24,0
24.83,0
58.1,0
7.06,0
6.51,0
14.81,0
14.36,0
36.13,0
36,0
22.99,0
46.15,0
81.43,0
8.38,0
35.91,0
23.35,0
12.2,0
16.56,0
12.37,0
19.64,0
29.45,0
50.16,0
9.94,0
29.98,0
14.55,0
33.87,0
35.29,0
35.12,0
6.92,0
5.29,0
26.12,0
41.82,0
23.8,0
44,0
18.7,0
19.75,0
4.17,0
7.99,0
38.64,0
23.93,0
2.4,0
53.41,0
16.37,0
45.09,0
27.91,0
36.44,0
23.24,0
48.91,0
40.68,0
26.15,0
18.97,0
6.32,0
58.56,0
32.5,0
19.91,0
17.85,0
35.56,0
136.43,0
42.72,0
0.34,0
21.62,0
7.26,0
11.68,0
43.39,0
3.5,0
7.26,0
75.72,0
5.83,0
72.97,0
25.97,0
11.52,0
48.13,0
51.35,0
3537.59,1
14.89,0
32.54,0
19.61,0
12.68,0
10.07,0
44.88,0
23.06,0
58.59,0
18.28,0
19.32,0
20.71,0
15.48,0
27.92,0
7.43,0
79.81,0
59.53,0
53.4,0
68.5,0
36.82,0
31.51,0
53.84,0
2.18,0
15.5,0
71.03,0
43.01,0
11.85,0
32.63,0
50.79,0
37.2,0
38.39,0
12.08,0
26.86,0
6.28,0
16.11,0
39.97,0
50.53,0
28.96,0
54.14,0
61.74,0
27.47,0
34.86,0
37.23,0
12.06,0
15.84,0
5.09,0
37.81,0
5.29,0
15.83,0
12.57,0
60.58,0
41.36,0
42.61,0
48.6,0
9.63,0
34.08,0
1.27,0
49.89,0
10.45,0
20.82,0
53.4,0
67.08,0
16.91,0
9.25,0
17.76,0
21.46,0
38.52,0
17.17,0
46.45,0
30.37,0
29.66,0
34.69,0
3.15,0
108.41,0
14.25,0
10.38,0
8.16,0
33.86,0
17.8,0
34.44,0
37.54,0
53.27,0
56.28,0
50.28,0
28.97,0
18.35,0
125.55,0
40.4,0
53.86,0
18.91,0
8.41,0
50.29,0
28.41,0
114.27,0
64.01,0
25.23,0
47.8,0
43.62,0
33.09,0
3.41,0
28.51,0
40.22,0
61.48,0
14.49,0
48.52,0
15.65,0
12.36,0
26.13,0
81.38,0
14.22,0
8.46,0
33.25,0
19.15,0
36.33,0
15.32,0
25.69,0
5.6,0
11.56,0
217.91,1
13.4,0
25.44,0
16.19,0
25.46,0
21.53,0
18.11,0
7.19,0
1954.73,0
10.83,0
52.88,0
31.33,0
51.15,0
23.03,0
44.37,0
70.8,0
68.91,0
20.38,0
14.21,0
64.72,0
40.91,0
66.84,0
37.18,0
18.08,0
0.32,0
1.18,0
8.18,0
15.08,0
74.4,0
13.67,0
26.76,0
7.92,0
28.96,0
17.02,0
13.41,0
3.23,0
25.15,0
29.3,0
4.58,0
43.28,0
67.86,0
16.97,0
9.98,0
17.14,0
68.45,0
19.36,0
20.49,0
47.09,0
44.62,0
30.49,0
24.35,0
9.34,0
38.64,0
33.06,0
12.79,0
0.22,0
30.13,0
24.81,0
21.69,0
23.46,0
20.74,0
25.75,0
357.14,1
17.85,0
39.1,0
24.45,0
41.2,0
2.15,0
13.18,0
21.97,0
4.63,0
52.4,0
19.94,0
31.69,0
17.72,0
51.5,0
3.04,0
5.78,0
17.28,0
21.91,0
48.94,0
21.78,0
28.94,0
33.38,0
4.49,0
15.17,0
54.89,0
47.27,0
1.52,0
72.64,0
17.95,0
23.88,0
53.35,0
16.41,0
15.7,0
1.83,0
40.17,0
43.16,0
25.89,0
59.56,0
21.04,0
9.53,0
20.24,0
34.37,0
0.16,0
17.55,0
36.67,0
28.44,0
16.44,0
34.54,0
58.4,0
28.72,0
33.75,0
68.53,0
30.85,0
1.99,0
17.31,0
24.96,0
20.79,0
59.58,0
25.77,0
21.07,0
42.66,0
3.04,0
40.97,0
4.01,0
10.72,0
6.43,0
20.81,0
30.52,0
23.99,0
68.2,0
17.72,0
42.21,0
13.74,0
31.84,0
28.58,0
28.81,0
21.96,0
31.38,0
34.37,0
27.11,0
35.26,0
12.71,0
25.95,0
90.68,0
8.79,0
13.82,0
52.06,0
18.99,0
16.46,0
25.03,0
74.95,0
30.81,0
5.08,0
75.89,0
38.43,0
48.78,0
33.06,0
68.23,0
8.73,0
30.89,0
23.12,0
42.61,0
40.99,0
51.47,0
61.73,0
54.55,0
7.86,0
29.01,0
58.53,0
5.79,0
39.22,0
19.9,0
79.79,0
17.23,0
64.79,0
14.57,0
23.13,0
14.52,0
7.79,0
31.99,0
46.6,0
8.53,0
11.64,0
15.46,0
21.16,0
3.94,0
9.1,0
35.51,0
31.99,0
29.79,0
36.18,0
3.04,0
11.9,0
20.06,0
54.04,0
14.39,0
10.98,0
47.58,0
24.47,0
2.24,0
40.48,0
21.91,0
20.96,0
49.69,0
145.28,0
65.7,0
64.95,0
14.62,0
8.87,0
1.44,0
45.23,0
1.56,0
27.2,0
91.07,0
24.16,0
22.26,0
23.86,0
31.83,0
42.12,0
14.96,0
14.64,0
151.99,0
5.22,0
43.55,0
8.99,0
26.07,0
21.67,0
30.74,0
55.4,0
37.38,0
0.94,0
20.74,0
12.59,0
25.21,0
29.79,0
30.47,0
56.91,0
49.16,0
29.61,0
40.99,0
5.54,0
43.47,0
284.02,1
10.72,0
35.73,0
40.82,0
26.09,0
4.6,0
42.02,0
173.51,0
72.48,0
58.11,0
366.05,1
62.54,0
36.02,0
0.57,0
28.5,0
1.37,0
24.85,0
9.8,0
44.1,0
70.46,0
34.44,0
59.55,0
7.86,0
58.82,0
26.77,0
10.48,0
1.24,0
19.36,0
29.49,0
35.34,0
12.29,0
31.31,0
33.57,0
47.64,0
292.2,0
33.98,0
32.25,0
4.41,0
49.86,0
16.85,0
22.94,0
280.39,0
46.72,0
1.7,0
15.24,0
20.49,0
28.96,0
15.7,0
17.05,0
50.84,0
37.17,0
0.49,0
11.33,0
24.21,0
28.65,0
5.8,0
55.38,0
20.46,0
13.39,0
67.21,0
2.69,0
57.77,0
43.97,0
38.89,0
90.57,0
64.07,0
49.77,0
38.96,0
14.34,0
15.95,0
1.62,0
108.51,0
32.4,0
25.09,0
91.51,0
6.33,0
16.9,0
4.09,0
51.17,0
27.39,0
3.09,0
51.3,0
13.03,0
55.82,0
60.5,0
59.58,0
14.74,0
41.37,0
12.47,0
21.11,0
60.96,0
4.65,0
8.48,0
6.07,0
59.97,0
191.9,0
34.54,0
14.27,0
19.42,0
13.35,0
42.33,0
98.89,0
7.32,0
35.34,0
11.6,0
29.94,0
37.58,0
27.1,0
8.74,0
10.99,0
230.83,0
34.57,0
14.31,0
18.86,0
19.65,0
2.63,0
23.56,0
29.37,0
12.2,0
14.79,0
35.8,0
54.07,0
40.05,0
34.37,0
7.12,0
32.01,0
20.35,0
63.02,0
58.31,0
13.94,0
22.82,0
9.4,0
45.85,0
65.21,0
3.1,0
28.55,0
8.81,0
30.1,0
39.4,0
14.88,0
55.72,0
32.67,0
18.13,0
14.51,0
26.1,0
38.16,0
30.85,0
51.96,0
44.49,0
264.27,0
17.27,0
48.35,0
4.3,0
41.53,0
29.58,0
31.75,0
33.93,0
36.82,0
38.22,0
68.22,0
46.77,0
26.65,0
10.34,0
63.15,0
23.35,0
31.85,0
12.74,0
2.17,0
31.64,0
29.97,0
45.86,0
11.55,0
42.4,0
3.03,0
4.75,0
3.32,0
19.99,0
34.55,0
29.17,0
65.14,0
45.68,0
6.28,0
13.95,0
43.45,0
8.86,0
7.48,0
8,0
22.88,0
20.19,0
40.75,0
19.49,0
35.13,0
24.8,1
1.9,0
37.14,0
2.01,0
16.39,0
6.3,0
33.57,0
29.14,0
226.39,1
47.36,0
13.05,0
5.15,0
6.09,0
25.47,0
8.35,0
75.93,0
29.94,0
4.91,0
35.17,0
31.26,0
71.56,0
27.92,0
13.36,0
14.95,0
47.76,0
60.63,0
51.79,0
16.94,0
336.22,1
48.48,0
23.85,0
57.26,0
20.44,0
51.71,0
44.3,0
26.31,0
29.11,0
21.73,0
22.46,0
0.71,0
11.35,0
1.67,0
9.12,0
43.2,0
26.25,0
17.12,0
1.74,0
41.85,0
45.5,0
27.12,0
19.32,0
37.99,0
18.75,0
27.22,0
40.15,0
20.97,0
21.13,0
45.71,0
17.27,0
45.72,0
7.58,0
11.94,0
28.97,0
51.51,0
22.41,0
9.51,0
21.35,0
60.44,0
28.42,0
43.44,0
13.9,0
28.52,0
2.45,0
3.23,0
19.62,0
0.51,0
51.17,0
85.08,0
0.07,0
35.68,0
143.34,0
84.98,0
2.05,0
53.07,0
9.18,0
6,0
57.5,0
34.88,0
56.78,0
315.44,1
23.26,0
20.99,0
47.12,0
6.47,0
45.45,0
35.21,0
64.14,0
44.69,0
42.96,0
18.91,0
33.78,0
48.83,0
22.01,0
14.84,0
5.82,0
7.47,0
41.98,0
42.06,0
7.45,0
1.97,0
4.08,0
0.53,0
31.55,0
47.1,0
4.57,0
28.07,0
59.64,0
70.29,0
34.87,0
30.01,0
34.52,0
125.09,1
51.23,0
9.06,0
52.62,0
58.73,0
29.51,0
125.32,0
11.53,0
3.65,0
40.86,0
58.12,0
30.61,0
30.45,0
2.26,0
631.94,1
19.16,0
14.74,0
28.61,0
70.25,0
56.49,0
5.56,0
15.32,0
73.79,0
30.65,0
45.28,0
26.12,0
42.36,1
65.34,0
32.61,0
11.17,0
14.02,0
36.01,0
24.97,0
28.49,0
35.33,0
14.79,0
43.29,0
41.81,0
31.61,0
10.43,0
13.68,0
31.53,0
25.79,0
32.03,0
9.4,0
16.61,0
0.27,0
65.68,0
48.71,0
30.91,0
29.78,0
9.79,0
16.38,0
32.86,0
42.75,0
2.84,0
32.71,0
24.84,0
1.22,0
83.56,0
52.54,0
9.22,0
18.8,0
33.49,0
26.11,0
55.7,0
36.25,0
33.84,0
42.2,0
21.25,0
23.2,0
25.53,0
24.98,0
41.66,0
46.34,0
21.4,0
27.06,0
42.44,0
20.5,0
29.62,0
26.98,0
20.33,0
22.47,0
15.78,0
18.15,0
36.1,0
2.84,0
187.36,0
26.62,0
22.57,0
1.45,0
24.15,0
1.91,0
57.38,0
31.71,0
7.05,0
5.63,0
65.26,0
26.38,0
5.87,0
1.75,0
2.05,0
16.22,0
34.59,0
2.12,0
1.1,0
31.69,0
4.26,0
53.73,0
10.96,0
34.72,0
56.12,0
4.21,0
20.28,0
28.23,0
38.1,0
49.71,0
31.55,0
18.04,0
55.14,0
1.23,0
20.57,0
55.05,0
49.71,0
12.03,0
12.06,0
64.76,0
14.69,0
28.37,0
25.89,0
45.64,0
14.51,0
62.83,0
1.29,0
48.97,0
10.65,0
11.22,0
22.42,0
31.28,0
74.53,0
47.27,0
37.37,0
11.17,0
24.7,0
96.32,0
155.73,0
20.22,0
18.99,0
36.41,0
56.27,0
18.97,0
9.03,0
166.74,0
20.54,0
27.42,0
12.35,0
43.14,0
50.94,0
43.82,0
41.67,0
1.24,0
30.28,0
93.69,0
48.18,0
15.04,0
5.61,0
12.71,0
